package_pin,side,slot,function,direction,cell,rtl_signal,instance
P1,south,1,IOVDD,power,PVDD2,IOVDD,u_base.u_iovdd_pads[0].u_cell.u_pad
P2,south,2,mgmt_clk,input,PB4,mgmt_clk_i,u_base.u_mgmt_clk_pad.u_pad
P3,south,3,GPIO,inout,PB4,gpio[0],u_base.u_gpio_pads[0].u_cell.u_pad
P4,south,4,GPIO,inout,PB4,gpio[1],u_base.u_gpio_pads[1].u_cell.u_pad
P5,south,5,IOVSS,ground,PVSS2,IOVSS,u_base.u_iovss_pads[0].u_cell.u_pad
P6,south,6,GPIO,inout,PB4,gpio[2],u_base.u_gpio_pads[2].u_cell.u_pad
P7,south,7,GPIO,inout,PB4,gpio[3],u_base.u_gpio_pads[3].u_cell.u_pad
P8,south,8,GPIO,inout,PB4,gpio[4],u_base.u_gpio_pads[4].u_cell.u_pad
P9,south,9,VDD,power,PVDD1,VDD,u_base.u_vdd_pads[0].u_cell.u_pad
P10,south,10,GPIO,inout,PB4,gpio[5],u_base.u_gpio_pads[5].u_cell.u_pad
P11,south,11,GPIO,inout,PB4,gpio[6],u_base.u_gpio_pads[6].u_cell.u_pad
P12,south,12,GPIO,inout,PB4,gpio[7],u_base.u_gpio_pads[7].u_cell.u_pad
P13,south,13,VSS,ground,PVSS1,VSS,u_base.u_vss_pads[0].u_cell.u_pad
P14,south,14,GPIO,inout,PB4,gpio[8],u_base.u_gpio_pads[8].u_cell.u_pad
P15,south,15,GPIO,inout,PB4,gpio[9],u_base.u_gpio_pads[9].u_cell.u_pad
P16,south,16,GPIO,inout,PB4,gpio[10],u_base.u_gpio_pads[10].u_cell.u_pad
P17,south,17,IOVDD,power,PVDD2,IOVDD,u_base.u_iovdd_pads[1].u_cell.u_pad
P18,south,18,GPIO,inout,PB4,gpio[11],u_base.u_gpio_pads[11].u_cell.u_pad
P19,south,19,GPIO,inout,PB4,gpio[12],u_base.u_gpio_pads[12].u_cell.u_pad
P20,south,20,GPIO,inout,PB4,gpio[13],u_base.u_gpio_pads[13].u_cell.u_pad
P21,south,21,IOVSS,ground,PVSS2,IOVSS,u_base.u_iovss_pads[1].u_cell.u_pad
P22,south,22,GPIO,inout,PB4,gpio[14],u_base.u_gpio_pads[14].u_cell.u_pad
P23,south,23,GPIO,inout,PB4,gpio[15],u_base.u_gpio_pads[15].u_cell.u_pad
P24,south,24,GPIO,inout,PB4,gpio[16],u_base.u_gpio_pads[16].u_cell.u_pad
P25,south,25,VDD,power,PVDD1,VDD,u_base.u_vdd_pads[1].u_cell.u_pad
P26,south,26,GPIO,inout,PB4,gpio[17],u_base.u_gpio_pads[17].u_cell.u_pad
P27,south,27,GPIO,inout,PB4,gpio[18],u_base.u_gpio_pads[18].u_cell.u_pad
P28,south,28,GPIO,inout,PB4,gpio[19],u_base.u_gpio_pads[19].u_cell.u_pad
P29,south,29,VSS,ground,PVSS1,VSS,u_base.u_vss_pads[1].u_cell.u_pad
P30,south,30,GPIO,inout,PB4,gpio[20],u_base.u_gpio_pads[20].u_cell.u_pad
P31,south,31,mgmt_rst_n,input,PB4,mgmt_rst_n_i,u_base.u_mgmt_rst_n_pad.u_pad
P32,south,32,GPIO,inout,PB4,gpio[21],u_base.u_gpio_pads[21].u_cell.u_pad
P33,east,1,IOVDD,power,PVDD2,IOVDD,u_base.u_iovdd_pads[2].u_cell.u_pad
P34,east,2,jtag_tck,input,PB4,jtag_tck_i,u_base.u_jtag_tck_pad.u_pad
P35,east,3,GPIO,inout,PB4,gpio[22],u_base.u_gpio_pads[22].u_cell.u_pad
P36,east,4,GPIO,inout,PB4,gpio[23],u_base.u_gpio_pads[23].u_cell.u_pad
P37,east,5,IOVSS,ground,PVSS2,IOVSS,u_base.u_iovss_pads[2].u_cell.u_pad
P38,east,6,GPIO,inout,PB4,gpio[24],u_base.u_gpio_pads[24].u_cell.u_pad
P39,east,7,GPIO,inout,PB4,gpio[25],u_base.u_gpio_pads[25].u_cell.u_pad
P40,east,8,GPIO,inout,PB4,gpio[26],u_base.u_gpio_pads[26].u_cell.u_pad
P41,east,9,VDD,power,PVDD1,VDD,u_base.u_vdd_pads[2].u_cell.u_pad
P42,east,10,GPIO,inout,PB4,gpio[27],u_base.u_gpio_pads[27].u_cell.u_pad
P43,east,11,GPIO,inout,PB4,gpio[28],u_base.u_gpio_pads[28].u_cell.u_pad
P44,east,12,GPIO,inout,PB4,gpio[29],u_base.u_gpio_pads[29].u_cell.u_pad
P45,east,13,VSS,ground,PVSS1,VSS,u_base.u_vss_pads[2].u_cell.u_pad
P46,east,14,GPIO,inout,PB4,gpio[30],u_base.u_gpio_pads[30].u_cell.u_pad
P47,east,15,GPIO,inout,PB4,gpio[31],u_base.u_gpio_pads[31].u_cell.u_pad
P48,east,16,GPIO,inout,PB4,gpio[32],u_base.u_gpio_pads[32].u_cell.u_pad
P49,east,17,IOVDD,power,PVDD2,IOVDD,u_base.u_iovdd_pads[3].u_cell.u_pad
P50,east,18,GPIO,inout,PB4,gpio[33],u_base.u_gpio_pads[33].u_cell.u_pad
P51,east,19,GPIO,inout,PB4,gpio[34],u_base.u_gpio_pads[34].u_cell.u_pad
P52,east,20,GPIO,inout,PB4,gpio[35],u_base.u_gpio_pads[35].u_cell.u_pad
P53,east,21,IOVSS,ground,PVSS2,IOVSS,u_base.u_iovss_pads[3].u_cell.u_pad
P54,east,22,GPIO,inout,PB4,gpio[36],u_base.u_gpio_pads[36].u_cell.u_pad
P55,east,23,GPIO,inout,PB4,gpio[37],u_base.u_gpio_pads[37].u_cell.u_pad
P56,east,24,GPIO,inout,PB4,gpio[38],u_base.u_gpio_pads[38].u_cell.u_pad
P57,east,25,VDD,power,PVDD1,VDD,u_base.u_vdd_pads[3].u_cell.u_pad
P58,east,26,GPIO,inout,PB4,gpio[39],u_base.u_gpio_pads[39].u_cell.u_pad
P59,east,27,GPIO,inout,PB4,gpio[40],u_base.u_gpio_pads[40].u_cell.u_pad
P60,east,28,GPIO,inout,PB4,gpio[41],u_base.u_gpio_pads[41].u_cell.u_pad
P61,east,29,VSS,ground,PVSS1,VSS,u_base.u_vss_pads[3].u_cell.u_pad
P62,east,30,GPIO,inout,PB4,gpio[42],u_base.u_gpio_pads[42].u_cell.u_pad
P63,east,31,jtag_tms,input,PB4,jtag_tms_i,u_base.u_jtag_tms_pad.u_pad
P64,east,32,GPIO,inout,PB4,gpio[43],u_base.u_gpio_pads[43].u_cell.u_pad
P65,north,1,IOVDD,power,PVDD2,IOVDD,u_base.u_iovdd_pads[4].u_cell.u_pad
P66,north,2,jtag_tdi,input,PB4,jtag_tdi_i,u_base.u_jtag_tdi_pad.u_pad
P67,north,3,GPIO,inout,PB4,gpio[44],u_base.u_gpio_pads[44].u_cell.u_pad
P68,north,4,GPIO,inout,PB4,gpio[45],u_base.u_gpio_pads[45].u_cell.u_pad
P69,north,5,IOVSS,ground,PVSS2,IOVSS,u_base.u_iovss_pads[4].u_cell.u_pad
P70,north,6,GPIO,inout,PB4,gpio[46],u_base.u_gpio_pads[46].u_cell.u_pad
P71,north,7,GPIO,inout,PB4,gpio[47],u_base.u_gpio_pads[47].u_cell.u_pad
P72,north,8,GPIO,inout,PB4,gpio[48],u_base.u_gpio_pads[48].u_cell.u_pad
P73,north,9,VDD,power,PVDD1,VDD,u_base.u_vdd_pads[4].u_cell.u_pad
P74,north,10,GPIO,inout,PB4,gpio[49],u_base.u_gpio_pads[49].u_cell.u_pad
P75,north,11,GPIO,inout,PB4,gpio[50],u_base.u_gpio_pads[50].u_cell.u_pad
P76,north,12,GPIO,inout,PB4,gpio[51],u_base.u_gpio_pads[51].u_cell.u_pad
P77,north,13,VSS,ground,PVSS1,VSS,u_base.u_vss_pads[4].u_cell.u_pad
P78,north,14,GPIO,inout,PB4,gpio[52],u_base.u_gpio_pads[52].u_cell.u_pad
P79,north,15,GPIO,inout,PB4,gpio[53],u_base.u_gpio_pads[53].u_cell.u_pad
P80,north,16,GPIO,inout,PB4,gpio[54],u_base.u_gpio_pads[54].u_cell.u_pad
P81,north,17,IOVDD,power,PVDD2,IOVDD,u_base.u_iovdd_pads[5].u_cell.u_pad
P82,north,18,GPIO,inout,PB4,gpio[55],u_base.u_gpio_pads[55].u_cell.u_pad
P83,north,19,GPIO,inout,PB4,gpio[56],u_base.u_gpio_pads[56].u_cell.u_pad
P84,north,20,GPIO,inout,PB4,gpio[57],u_base.u_gpio_pads[57].u_cell.u_pad
P85,north,21,IOVSS,ground,PVSS2,IOVSS,u_base.u_iovss_pads[5].u_cell.u_pad
P86,north,22,GPIO,inout,PB4,gpio[58],u_base.u_gpio_pads[58].u_cell.u_pad
P87,north,23,GPIO,inout,PB4,gpio[59],u_base.u_gpio_pads[59].u_cell.u_pad
P88,north,24,GPIO,inout,PB4,gpio[60],u_base.u_gpio_pads[60].u_cell.u_pad
P89,north,25,VDD,power,PVDD1,VDD,u_base.u_vdd_pads[5].u_cell.u_pad
P90,north,26,GPIO,inout,PB4,gpio[61],u_base.u_gpio_pads[61].u_cell.u_pad
P91,north,27,GPIO,inout,PB4,gpio[62],u_base.u_gpio_pads[62].u_cell.u_pad
P92,north,28,GPIO,inout,PB4,gpio[63],u_base.u_gpio_pads[63].u_cell.u_pad
P93,north,29,VSS,ground,PVSS1,VSS,u_base.u_vss_pads[5].u_cell.u_pad
P94,north,30,GPIO,inout,PB4,gpio[64],u_base.u_gpio_pads[64].u_cell.u_pad
P95,north,31,jtag_tdo,output,PB4,jtag_tdo_o,u_base.u_jtag_tdo_pad.u_pad
P96,north,32,GPIO,inout,PB4,gpio[65],u_base.u_gpio_pads[65].u_cell.u_pad
P97,west,1,IOVDD,power,PVDD2,IOVDD,u_base.u_iovdd_pads[6].u_cell.u_pad
P98,west,2,uart_rx,input,PB4,uart_rx_i,u_base.u_uart_rx_pad.u_pad
P99,west,3,GPIO,inout,PB4,gpio[66],u_base.u_gpio_pads[66].u_cell.u_pad
P100,west,4,GPIO,inout,PB4,gpio[67],u_base.u_gpio_pads[67].u_cell.u_pad
P101,west,5,IOVSS,ground,PVSS2,IOVSS,u_base.u_iovss_pads[6].u_cell.u_pad
P102,west,6,GPIO,inout,PB4,gpio[68],u_base.u_gpio_pads[68].u_cell.u_pad
P103,west,7,GPIO,inout,PB4,gpio[69],u_base.u_gpio_pads[69].u_cell.u_pad
P104,west,8,GPIO,inout,PB4,gpio[70],u_base.u_gpio_pads[70].u_cell.u_pad
P105,west,9,VDD,power,PVDD1,VDD,u_base.u_vdd_pads[6].u_cell.u_pad
P106,west,10,GPIO,inout,PB4,gpio[71],u_base.u_gpio_pads[71].u_cell.u_pad
P107,west,11,GPIO,inout,PB4,gpio[72],u_base.u_gpio_pads[72].u_cell.u_pad
P108,west,12,GPIO,inout,PB4,gpio[73],u_base.u_gpio_pads[73].u_cell.u_pad
P109,west,13,VSS,ground,PVSS1,VSS,u_base.u_vss_pads[6].u_cell.u_pad
P110,west,14,GPIO,inout,PB4,gpio[74],u_base.u_gpio_pads[74].u_cell.u_pad
P111,west,15,GPIO,inout,PB4,gpio[75],u_base.u_gpio_pads[75].u_cell.u_pad
P112,west,16,GPIO,inout,PB4,gpio[76],u_base.u_gpio_pads[76].u_cell.u_pad
P113,west,17,IOVDD,power,PVDD2,IOVDD,u_base.u_iovdd_pads[7].u_cell.u_pad
P114,west,18,GPIO,inout,PB4,gpio[77],u_base.u_gpio_pads[77].u_cell.u_pad
P115,west,19,GPIO,inout,PB4,gpio[78],u_base.u_gpio_pads[78].u_cell.u_pad
P116,west,20,GPIO,inout,PB4,gpio[79],u_base.u_gpio_pads[79].u_cell.u_pad
P117,west,21,IOVSS,ground,PVSS2,IOVSS,u_base.u_iovss_pads[7].u_cell.u_pad
P118,west,22,GPIO,inout,PB4,gpio[80],u_base.u_gpio_pads[80].u_cell.u_pad
P119,west,23,GPIO,inout,PB4,gpio[81],u_base.u_gpio_pads[81].u_cell.u_pad
P120,west,24,GPIO,inout,PB4,gpio[82],u_base.u_gpio_pads[82].u_cell.u_pad
P121,west,25,VDD,power,PVDD1,VDD,u_base.u_vdd_pads[7].u_cell.u_pad
P122,west,26,GPIO,inout,PB4,gpio[83],u_base.u_gpio_pads[83].u_cell.u_pad
P123,west,27,GPIO,inout,PB4,gpio[84],u_base.u_gpio_pads[84].u_cell.u_pad
P124,west,28,GPIO,inout,PB4,gpio[85],u_base.u_gpio_pads[85].u_cell.u_pad
P125,west,29,VSS,ground,PVSS1,VSS,u_base.u_vss_pads[7].u_cell.u_pad
P126,west,30,GPIO,inout,PB4,gpio[86],u_base.u_gpio_pads[86].u_cell.u_pad
P127,west,31,uart_tx,output,PB4,uart_tx_o,u_base.u_uart_tx_pad.u_pad
P128,west,32,GPIO,inout,PB4,gpio[87],u_base.u_gpio_pads[87].u_cell.u_pad
